guid,dsmn,ptk,stk,title,image_url,about,date_generated,download_title,download_url
"spc_severe_probability_04_10_620","spc_severe","04","10","SPC Severe for April 10","http://datasnapshots-images.nemac.com:8080/spc_severe/spc_severe_probability_04_10_620.png","","2014-01-23","620,940","620.example.com,940.example.com"
"spc_severe_probability_04_11_620","spc_severe","04","11","SPC Severe for April 11","http://datasnapshots-images.nemac.com:8080/spc_severe/spc_severe_probability_04_11_620.png","","2014-01-23","620,940","620.example.com,940.example.com"
"spc_severe_probability_04_12_620","spc_severe","04","12","SPC Severe for April 12","http://datasnapshots-images.nemac.com:8080/spc_severe/spc_severe_probability_04_12_620.png","","2014-01-23","620,940","620.example.com,940.example.com"
"spc_severe_probability_04_13_620","spc_severe","04","13","SPC Severe for April 13","http://datasnapshots-images.nemac.com:8080/spc_severe/spc_severe_probability_04_13_620.png","","2014-01-23","620,940","620.example.com,940.example.com"
"spc_severe_probability_04_14_620","spc_severe","04","14","SPC Severe for April 14","http://datasnapshots-images.nemac.com:8080/spc_severe/spc_severe_probability_04_14_620.png","","2014-01-23","620,940","620.example.com,940.example.com"
"spc_severe_probability_04_15_620","spc_severe","04","15","SPC Severe for April 15","http://datasnapshots-images.nemac.com:8080/spc_severe/spc_severe_probability_04_15_620.png","","2014-01-23","620,940","620.example.com,940.example.com"
"spc_severe_probability_04_16_620","spc_severe","04","16","SPC Severe for April 16","http://datasnapshots-images.nemac.com:8080/spc_severe/spc_severe_probability_04_16_620.png","","2014-01-23","620,940","620.example.com,940.example.com"
"spc_severe_probability_04_17_620","spc_severe","04","17","SPC Severe for April 17","http://datasnapshots-images.nemac.com:8080/spc_severe/spc_severe_probability_04_17_620.png","","2014-01-23","620,940","620.example.com,940.example.com"
"spc_severe_probability_04_18_620","spc_severe","04","18","SPC Severe for April 18","http://datasnapshots-images.nemac.com:8080/spc_severe/spc_severe_probability_04_18_620.png","","2014-01-23","620,940","620.example.com,940.example.com"
"spc_severe_probability_04_19_620","spc_severe","04","19","SPC Severe for April 19","http://datasnapshots-images.nemac.com:8080/spc_severe/spc_severe_probability_04_19_620.png","","2014-01-23","620,940","620.example.com,940.example.com"
"spc_severe_probability_04_01_620","spc_severe","04","01","SPC Severe for April 1","http://datasnapshots-images.nemac.com:8080/spc_severe/spc_severe_probability_04_01_620.png","","2014-01-23","620,940","620.example.com,940.example.com"
"spc_severe_probability_04_20_620","spc_severe","04","20","SPC Severe for April 20","http://datasnapshots-images.nemac.com:8080/spc_severe/spc_severe_probability_04_20_620.png","","2014-01-23","620,940","620.example.com,940.example.com"
"spc_severe_probability_04_21_620","spc_severe","04","21","SPC Severe for April 21","http://datasnapshots-images.nemac.com:8080/spc_severe/spc_severe_probability_04_21_620.png","","2014-01-23","620,940","620.example.com,940.example.com"
"spc_severe_probability_04_22_620","spc_severe","04","22","SPC Severe for April 22","http://datasnapshots-images.nemac.com:8080/spc_severe/spc_severe_probability_04_22_620.png","","2014-01-23","620,940","620.example.com,940.example.com"
"spc_severe_probability_04_23_620","spc_severe","04","23","SPC Severe for April 23","http://datasnapshots-images.nemac.com:8080/spc_severe/spc_severe_probability_04_23_620.png","","2014-01-23","620,940","620.example.com,940.example.com"
"spc_severe_probability_04_24_620","spc_severe","04","24","SPC Severe for April 24","http://datasnapshots-images.nemac.com:8080/spc_severe/spc_severe_probability_04_24_620.png","","2014-01-23","620,940","620.example.com,940.example.com"
"spc_severe_probability_04_25_620","spc_severe","04","25","SPC Severe for April 25","http://datasnapshots-images.nemac.com:8080/spc_severe/spc_severe_probability_04_25_620.png","","2014-01-23","620,940","620.example.com,940.example.com"
"spc_severe_probability_04_26_620","spc_severe","04","26","SPC Severe for April 26","http://datasnapshots-images.nemac.com:8080/spc_severe/spc_severe_probability_04_26_620.png","","2014-01-23","620,940","620.example.com,940.example.com"
"spc_severe_probability_04_27_620","spc_severe","04","27","SPC Severe for April 27","http://datasnapshots-images.nemac.com:8080/spc_severe/spc_severe_probability_04_27_620.png","","2014-01-23","620,940","620.example.com,940.example.com"
"spc_severe_probability_04_28_620","spc_severe","04","28","SPC Severe for April 28","http://datasnapshots-images.nemac.com:8080/spc_severe/spc_severe_probability_04_28_620.png","","2014-01-23","620,940","620.example.com,940.example.com"
"spc_severe_probability_04_29_620","spc_severe","04","29","SPC Severe for April 29","http://datasnapshots-images.nemac.com:8080/spc_severe/spc_severe_probability_04_29_620.png","","2014-01-23","620,940","620.example.com,940.example.com"
"spc_severe_probability_04_02_620","spc_severe","04","02","SPC Severe for April 2","http://datasnapshots-images.nemac.com:8080/spc_severe/spc_severe_probability_04_02_620.png","","2014-01-23","620,940","620.example.com,940.example.com"
"spc_severe_probability_04_30_620","spc_severe","04","30","SPC Severe for April 30","http://datasnapshots-images.nemac.com:8080/spc_severe/spc_severe_probability_04_30_620.png","","2014-01-23","620,940","620.example.com,940.example.com"
"spc_severe_probability_04_03_620","spc_severe","04","03","SPC Severe for April 3","http://datasnapshots-images.nemac.com:8080/spc_severe/spc_severe_probability_04_03_620.png","","2014-01-23","620,940","620.example.com,940.example.com"
"spc_severe_probability_04_04_620","spc_severe","04","04","SPC Severe for April 4","http://datasnapshots-images.nemac.com:8080/spc_severe/spc_severe_probability_04_04_620.png","","2014-01-23","620,940","620.example.com,940.example.com"
"spc_severe_probability_04_05_620","spc_severe","04","05","SPC Severe for April 5","http://datasnapshots-images.nemac.com:8080/spc_severe/spc_severe_probability_04_05_620.png","","2014-01-23","620,940","620.example.com,940.example.com"
"spc_severe_probability_04_06_620","spc_severe","04","06","SPC Severe for April 6","http://datasnapshots-images.nemac.com:8080/spc_severe/spc_severe_probability_04_06_620.png","","2014-01-23","620,940","620.example.com,940.example.com"
"spc_severe_probability_04_07_620","spc_severe","04","07","SPC Severe for April 7","http://datasnapshots-images.nemac.com:8080/spc_severe/spc_severe_probability_04_07_620.png","","2014-01-23","620,940","620.example.com,940.example.com"
"spc_severe_probability_04_08_620","spc_severe","04","08","SPC Severe for April 8","http://datasnapshots-images.nemac.com:8080/spc_severe/spc_severe_probability_04_08_620.png","","2014-01-23","620,940","620.example.com,940.example.com"
"spc_severe_probability_04_09_620","spc_severe","04","09","SPC Severe for April 9","http://datasnapshots-images.nemac.com:8080/spc_severe/spc_severe_probability_04_09_620.png","","2014-01-23","620,940","620.example.com,940.example.com"
"spc_severe_probability_08_10_620","spc_severe","08","10","SPC Severe for August 10","http://datasnapshots-images.nemac.com:8080/spc_severe/spc_severe_probability_08_10_620.png","","2014-01-23","620,940","620.example.com,940.example.com"
"spc_severe_probability_08_11_620","spc_severe","08","11","SPC Severe for August 11","http://datasnapshots-images.nemac.com:8080/spc_severe/spc_severe_probability_08_11_620.png","","2014-01-23","620,940","620.example.com,940.example.com"
"spc_severe_probability_08_12_620","spc_severe","08","12","SPC Severe for August 12","http://datasnapshots-images.nemac.com:8080/spc_severe/spc_severe_probability_08_12_620.png","","2014-01-23","620,940","620.example.com,940.example.com"
"spc_severe_probability_08_13_620","spc_severe","08","13","SPC Severe for August 13","http://datasnapshots-images.nemac.com:8080/spc_severe/spc_severe_probability_08_13_620.png","","2014-01-23","620,940","620.example.com,940.example.com"
"spc_severe_probability_08_14_620","spc_severe","08","14","SPC Severe for August 14","http://datasnapshots-images.nemac.com:8080/spc_severe/spc_severe_probability_08_14_620.png","","2014-01-23","620,940","620.example.com,940.example.com"
"spc_severe_probability_08_15_620","spc_severe","08","15","SPC Severe for August 15","http://datasnapshots-images.nemac.com:8080/spc_severe/spc_severe_probability_08_15_620.png","","2014-01-23","620,940","620.example.com,940.example.com"
"spc_severe_probability_08_16_620","spc_severe","08","16","SPC Severe for August 16","http://datasnapshots-images.nemac.com:8080/spc_severe/spc_severe_probability_08_16_620.png","","2014-01-23","620,940","620.example.com,940.example.com"
"spc_severe_probability_08_17_620","spc_severe","08","17","SPC Severe for August 17","http://datasnapshots-images.nemac.com:8080/spc_severe/spc_severe_probability_08_17_620.png","","2014-01-23","620,940","620.example.com,940.example.com"
"spc_severe_probability_08_18_620","spc_severe","08","18","SPC Severe for August 18","http://datasnapshots-images.nemac.com:8080/spc_severe/spc_severe_probability_08_18_620.png","","2014-01-23","620,940","620.example.com,940.example.com"
"spc_severe_probability_08_19_620","spc_severe","08","19","SPC Severe for August 19","http://datasnapshots-images.nemac.com:8080/spc_severe/spc_severe_probability_08_19_620.png","","2014-01-23","620,940","620.example.com,940.example.com"
"spc_severe_probability_08_01_620","spc_severe","08","01","SPC Severe for August 1","http://datasnapshots-images.nemac.com:8080/spc_severe/spc_severe_probability_08_01_620.png","","2014-01-23","620,940","620.example.com,940.example.com"
"spc_severe_probability_08_20_620","spc_severe","08","20","SPC Severe for August 20","http://datasnapshots-images.nemac.com:8080/spc_severe/spc_severe_probability_08_20_620.png","","2014-01-23","620,940","620.example.com,940.example.com"
"spc_severe_probability_08_21_620","spc_severe","08","21","SPC Severe for August 21","http://datasnapshots-images.nemac.com:8080/spc_severe/spc_severe_probability_08_21_620.png","","2014-01-23","620,940","620.example.com,940.example.com"
"spc_severe_probability_08_22_620","spc_severe","08","22","SPC Severe for August 22","http://datasnapshots-images.nemac.com:8080/spc_severe/spc_severe_probability_08_22_620.png","","2014-01-23","620,940","620.example.com,940.example.com"
"spc_severe_probability_08_23_620","spc_severe","08","23","SPC Severe for August 23","http://datasnapshots-images.nemac.com:8080/spc_severe/spc_severe_probability_08_23_620.png","","2014-01-23","620,940","620.example.com,940.example.com"
"spc_severe_probability_08_24_620","spc_severe","08","24","SPC Severe for August 24","http://datasnapshots-images.nemac.com:8080/spc_severe/spc_severe_probability_08_24_620.png","","2014-01-23","620,940","620.example.com,940.example.com"
"spc_severe_probability_08_25_620","spc_severe","08","25","SPC Severe for August 25","http://datasnapshots-images.nemac.com:8080/spc_severe/spc_severe_probability_08_25_620.png","","2014-01-23","620,940","620.example.com,940.example.com"
"spc_severe_probability_08_26_620","spc_severe","08","26","SPC Severe for August 26","http://datasnapshots-images.nemac.com:8080/spc_severe/spc_severe_probability_08_26_620.png","","2014-01-23","620,940","620.example.com,940.example.com"
"spc_severe_probability_08_27_620","spc_severe","08","27","SPC Severe for August 27","http://datasnapshots-images.nemac.com:8080/spc_severe/spc_severe_probability_08_27_620.png","","2014-01-23","620,940","620.example.com,940.example.com"
"spc_severe_probability_08_28_620","spc_severe","08","28","SPC Severe for August 28","http://datasnapshots-images.nemac.com:8080/spc_severe/spc_severe_probability_08_28_620.png","","2014-01-23","620,940","620.example.com,940.example.com"
"spc_severe_probability_08_29_620","spc_severe","08","29","SPC Severe for August 29","http://datasnapshots-images.nemac.com:8080/spc_severe/spc_severe_probability_08_29_620.png","","2014-01-23","620,940","620.example.com,940.example.com"
"spc_severe_probability_08_02_620","spc_severe","08","02","SPC Severe for August 2","http://datasnapshots-images.nemac.com:8080/spc_severe/spc_severe_probability_08_02_620.png","","2014-01-23","620,940","620.example.com,940.example.com"
"spc_severe_probability_08_30_620","spc_severe","08","30","SPC Severe for August 30","http://datasnapshots-images.nemac.com:8080/spc_severe/spc_severe_probability_08_30_620.png","","2014-01-23","620,940","620.example.com,940.example.com"
"spc_severe_probability_08_31_620","spc_severe","08","31","SPC Severe for August 31","http://datasnapshots-images.nemac.com:8080/spc_severe/spc_severe_probability_08_31_620.png","","2014-01-23","620,940","620.example.com,940.example.com"
"spc_severe_probability_08_03_620","spc_severe","08","03","SPC Severe for August 3","http://datasnapshots-images.nemac.com:8080/spc_severe/spc_severe_probability_08_03_620.png","","2014-01-23","620,940","620.example.com,940.example.com"
"spc_severe_probability_08_04_620","spc_severe","08","04","SPC Severe for August 4","http://datasnapshots-images.nemac.com:8080/spc_severe/spc_severe_probability_08_04_620.png","","2014-01-23","620,940","620.example.com,940.example.com"
"spc_severe_probability_08_05_620","spc_severe","08","05","SPC Severe for August 5","http://datasnapshots-images.nemac.com:8080/spc_severe/spc_severe_probability_08_05_620.png","","2014-01-23","620,940","620.example.com,940.example.com"
"spc_severe_probability_08_06_620","spc_severe","08","06","SPC Severe for August 6","http://datasnapshots-images.nemac.com:8080/spc_severe/spc_severe_probability_08_06_620.png","","2014-01-23","620,940","620.example.com,940.example.com"
"spc_severe_probability_08_07_620","spc_severe","08","07","SPC Severe for August 7","http://datasnapshots-images.nemac.com:8080/spc_severe/spc_severe_probability_08_07_620.png","","2014-01-23","620,940","620.example.com,940.example.com"
"spc_severe_probability_08_08_620","spc_severe","08","08","SPC Severe for August 8","http://datasnapshots-images.nemac.com:8080/spc_severe/spc_severe_probability_08_08_620.png","","2014-01-23","620,940","620.example.com,940.example.com"
"spc_severe_probability_08_09_620","spc_severe","08","09","SPC Severe for August 9","http://datasnapshots-images.nemac.com:8080/spc_severe/spc_severe_probability_08_09_620.png","","2014-01-23","620,940","620.example.com,940.example.com"
"spc_severe_probability_12_10_620","spc_severe","12","10","SPC Severe for December 10","http://datasnapshots-images.nemac.com:8080/spc_severe/spc_severe_probability_12_10_620.png","","2014-01-23","620,940","620.example.com,940.example.com"
"spc_severe_probability_12_11_620","spc_severe","12","11","SPC Severe for December 11","http://datasnapshots-images.nemac.com:8080/spc_severe/spc_severe_probability_12_11_620.png","","2014-01-23","620,940","620.example.com,940.example.com"
"spc_severe_probability_12_12_620","spc_severe","12","12","SPC Severe for December 12","http://datasnapshots-images.nemac.com:8080/spc_severe/spc_severe_probability_12_12_620.png","","2014-01-23","620,940","620.example.com,940.example.com"
"spc_severe_probability_12_13_620","spc_severe","12","13","SPC Severe for December 13","http://datasnapshots-images.nemac.com:8080/spc_severe/spc_severe_probability_12_13_620.png","","2014-01-23","620,940","620.example.com,940.example.com"
"spc_severe_probability_12_14_620","spc_severe","12","14","SPC Severe for December 14","http://datasnapshots-images.nemac.com:8080/spc_severe/spc_severe_probability_12_14_620.png","","2014-01-23","620,940","620.example.com,940.example.com"
"spc_severe_probability_12_15_620","spc_severe","12","15","SPC Severe for December 15","http://datasnapshots-images.nemac.com:8080/spc_severe/spc_severe_probability_12_15_620.png","","2014-01-23","620,940","620.example.com,940.example.com"
"spc_severe_probability_12_16_620","spc_severe","12","16","SPC Severe for December 16","http://datasnapshots-images.nemac.com:8080/spc_severe/spc_severe_probability_12_16_620.png","","2014-01-23","620,940","620.example.com,940.example.com"
"spc_severe_probability_12_17_620","spc_severe","12","17","SPC Severe for December 17","http://datasnapshots-images.nemac.com:8080/spc_severe/spc_severe_probability_12_17_620.png","","2014-01-23","620,940","620.example.com,940.example.com"
"spc_severe_probability_12_18_620","spc_severe","12","18","SPC Severe for December 18","http://datasnapshots-images.nemac.com:8080/spc_severe/spc_severe_probability_12_18_620.png","","2014-01-23","620,940","620.example.com,940.example.com"
"spc_severe_probability_12_19_620","spc_severe","12","19","SPC Severe for December 19","http://datasnapshots-images.nemac.com:8080/spc_severe/spc_severe_probability_12_19_620.png","","2014-01-23","620,940","620.example.com,940.example.com"
"spc_severe_probability_12_01_620","spc_severe","12","01","SPC Severe for December 1","http://datasnapshots-images.nemac.com:8080/spc_severe/spc_severe_probability_12_01_620.png","","2014-01-23","620,940","620.example.com,940.example.com"
"spc_severe_probability_12_20_620","spc_severe","12","20","SPC Severe for December 20","http://datasnapshots-images.nemac.com:8080/spc_severe/spc_severe_probability_12_20_620.png","","2014-01-23","620,940","620.example.com,940.example.com"
"spc_severe_probability_12_21_620","spc_severe","12","21","SPC Severe for December 21","http://datasnapshots-images.nemac.com:8080/spc_severe/spc_severe_probability_12_21_620.png","","2014-01-23","620,940","620.example.com,940.example.com"
"spc_severe_probability_12_22_620","spc_severe","12","22","SPC Severe for December 22","http://datasnapshots-images.nemac.com:8080/spc_severe/spc_severe_probability_12_22_620.png","","2014-01-23","620,940","620.example.com,940.example.com"
"spc_severe_probability_12_23_620","spc_severe","12","23","SPC Severe for December 23","http://datasnapshots-images.nemac.com:8080/spc_severe/spc_severe_probability_12_23_620.png","","2014-01-23","620,940","620.example.com,940.example.com"
"spc_severe_probability_12_24_620","spc_severe","12","24","SPC Severe for December 24","http://datasnapshots-images.nemac.com:8080/spc_severe/spc_severe_probability_12_24_620.png","","2014-01-23","620,940","620.example.com,940.example.com"
"spc_severe_probability_12_25_620","spc_severe","12","25","SPC Severe for December 25","http://datasnapshots-images.nemac.com:8080/spc_severe/spc_severe_probability_12_25_620.png","","2014-01-23","620,940","620.example.com,940.example.com"
"spc_severe_probability_12_26_620","spc_severe","12","26","SPC Severe for December 26","http://datasnapshots-images.nemac.com:8080/spc_severe/spc_severe_probability_12_26_620.png","","2014-01-23","620,940","620.example.com,940.example.com"
"spc_severe_probability_12_27_620","spc_severe","12","27","SPC Severe for December 27","http://datasnapshots-images.nemac.com:8080/spc_severe/spc_severe_probability_12_27_620.png","","2014-01-23","620,940","620.example.com,940.example.com"
"spc_severe_probability_12_28_620","spc_severe","12","28","SPC Severe for December 28","http://datasnapshots-images.nemac.com:8080/spc_severe/spc_severe_probability_12_28_620.png","","2014-01-23","620,940","620.example.com,940.example.com"
"spc_severe_probability_12_29_620","spc_severe","12","29","SPC Severe for December 29","http://datasnapshots-images.nemac.com:8080/spc_severe/spc_severe_probability_12_29_620.png","","2014-01-23","620,940","620.example.com,940.example.com"
"spc_severe_probability_12_02_620","spc_severe","12","02","SPC Severe for December 2","http://datasnapshots-images.nemac.com:8080/spc_severe/spc_severe_probability_12_02_620.png","","2014-01-23","620,940","620.example.com,940.example.com"
"spc_severe_probability_12_30_620","spc_severe","12","30","SPC Severe for December 30","http://datasnapshots-images.nemac.com:8080/spc_severe/spc_severe_probability_12_30_620.png","","2014-01-23","620,940","620.example.com,940.example.com"
"spc_severe_probability_12_31_620","spc_severe","12","31","SPC Severe for December 31","http://datasnapshots-images.nemac.com:8080/spc_severe/spc_severe_probability_12_31_620.png","","2014-01-23","620,940","620.example.com,940.example.com"
"spc_severe_probability_12_03_620","spc_severe","12","03","SPC Severe for December 3","http://datasnapshots-images.nemac.com:8080/spc_severe/spc_severe_probability_12_03_620.png","","2014-01-23","620,940","620.example.com,940.example.com"
"spc_severe_probability_12_04_620","spc_severe","12","04","SPC Severe for December 4","http://datasnapshots-images.nemac.com:8080/spc_severe/spc_severe_probability_12_04_620.png","","2014-01-23","620,940","620.example.com,940.example.com"
"spc_severe_probability_12_05_620","spc_severe","12","05","SPC Severe for December 5","http://datasnapshots-images.nemac.com:8080/spc_severe/spc_severe_probability_12_05_620.png","","2014-01-23","620,940","620.example.com,940.example.com"
"spc_severe_probability_12_06_620","spc_severe","12","06","SPC Severe for December 6","http://datasnapshots-images.nemac.com:8080/spc_severe/spc_severe_probability_12_06_620.png","","2014-01-23","620,940","620.example.com,940.example.com"
"spc_severe_probability_12_07_620","spc_severe","12","07","SPC Severe for December 7","http://datasnapshots-images.nemac.com:8080/spc_severe/spc_severe_probability_12_07_620.png","","2014-01-23","620,940","620.example.com,940.example.com"
"spc_severe_probability_12_08_620","spc_severe","12","08","SPC Severe for December 8","http://datasnapshots-images.nemac.com:8080/spc_severe/spc_severe_probability_12_08_620.png","","2014-01-23","620,940","620.example.com,940.example.com"
"spc_severe_probability_12_09_620","spc_severe","12","09","SPC Severe for December 9","http://datasnapshots-images.nemac.com:8080/spc_severe/spc_severe_probability_12_09_620.png","","2014-01-23","620,940","620.example.com,940.example.com"
"spc_severe_probability_02_10_620","spc_severe","02","10","SPC Severe for February 10","http://datasnapshots-images.nemac.com:8080/spc_severe/spc_severe_probability_02_10_620.png","","2014-01-23","620,940","620.example.com,940.example.com"
"spc_severe_probability_02_11_620","spc_severe","02","11","SPC Severe for February 11","http://datasnapshots-images.nemac.com:8080/spc_severe/spc_severe_probability_02_11_620.png","","2014-01-23","620,940","620.example.com,940.example.com"
"spc_severe_probability_02_12_620","spc_severe","02","12","SPC Severe for February 12","http://datasnapshots-images.nemac.com:8080/spc_severe/spc_severe_probability_02_12_620.png","","2014-01-23","620,940","620.example.com,940.example.com"
"spc_severe_probability_02_13_620","spc_severe","02","13","SPC Severe for February 13","http://datasnapshots-images.nemac.com:8080/spc_severe/spc_severe_probability_02_13_620.png","","2014-01-23","620,940","620.example.com,940.example.com"
"spc_severe_probability_02_14_620","spc_severe","02","14","SPC Severe for February 14","http://datasnapshots-images.nemac.com:8080/spc_severe/spc_severe_probability_02_14_620.png","","2014-01-23","620,940","620.example.com,940.example.com"
"spc_severe_probability_02_15_620","spc_severe","02","15","SPC Severe for February 15","http://datasnapshots-images.nemac.com:8080/spc_severe/spc_severe_probability_02_15_620.png","","2014-01-23","620,940","620.example.com,940.example.com"
"spc_severe_probability_02_16_620","spc_severe","02","16","SPC Severe for February 16","http://datasnapshots-images.nemac.com:8080/spc_severe/spc_severe_probability_02_16_620.png","","2014-01-23","620,940","620.example.com,940.example.com"
"spc_severe_probability_02_17_620","spc_severe","02","17","SPC Severe for February 17","http://datasnapshots-images.nemac.com:8080/spc_severe/spc_severe_probability_02_17_620.png","","2014-01-23","620,940","620.example.com,940.example.com"
"spc_severe_probability_02_18_620","spc_severe","02","18","SPC Severe for February 18","http://datasnapshots-images.nemac.com:8080/spc_severe/spc_severe_probability_02_18_620.png","","2014-01-23","620,940","620.example.com,940.example.com"
"spc_severe_probability_02_19_620","spc_severe","02","19","SPC Severe for February 19","http://datasnapshots-images.nemac.com:8080/spc_severe/spc_severe_probability_02_19_620.png","","2014-01-23","620,940","620.example.com,940.example.com"
"spc_severe_probability_02_01_620","spc_severe","02","01","SPC Severe for February 1","http://datasnapshots-images.nemac.com:8080/spc_severe/spc_severe_probability_02_01_620.png","","2014-01-23","620,940","620.example.com,940.example.com"
"spc_severe_probability_02_20_620","spc_severe","02","20","SPC Severe for February 20","http://datasnapshots-images.nemac.com:8080/spc_severe/spc_severe_probability_02_20_620.png","","2014-01-23","620,940","620.example.com,940.example.com"
"spc_severe_probability_02_21_620","spc_severe","02","21","SPC Severe for February 21","http://datasnapshots-images.nemac.com:8080/spc_severe/spc_severe_probability_02_21_620.png","","2014-01-23","620,940","620.example.com,940.example.com"
"spc_severe_probability_02_22_620","spc_severe","02","22","SPC Severe for February 22","http://datasnapshots-images.nemac.com:8080/spc_severe/spc_severe_probability_02_22_620.png","","2014-01-23","620,940","620.example.com,940.example.com"
"spc_severe_probability_02_23_620","spc_severe","02","23","SPC Severe for February 23","http://datasnapshots-images.nemac.com:8080/spc_severe/spc_severe_probability_02_23_620.png","","2014-01-23","620,940","620.example.com,940.example.com"
"spc_severe_probability_02_24_620","spc_severe","02","24","SPC Severe for February 24","http://datasnapshots-images.nemac.com:8080/spc_severe/spc_severe_probability_02_24_620.png","","2014-01-23","620,940","620.example.com,940.example.com"
"spc_severe_probability_02_25_620","spc_severe","02","25","SPC Severe for February 25","http://datasnapshots-images.nemac.com:8080/spc_severe/spc_severe_probability_02_25_620.png","","2014-01-23","620,940","620.example.com,940.example.com"
"spc_severe_probability_02_26_620","spc_severe","02","26","SPC Severe for February 26","http://datasnapshots-images.nemac.com:8080/spc_severe/spc_severe_probability_02_26_620.png","","2014-01-23","620,940","620.example.com,940.example.com"
"spc_severe_probability_02_27_620","spc_severe","02","27","SPC Severe for February 27","http://datasnapshots-images.nemac.com:8080/spc_severe/spc_severe_probability_02_27_620.png","","2014-01-23","620,940","620.example.com,940.example.com"
"spc_severe_probability_02_28_620","spc_severe","02","28","SPC Severe for February 28","http://datasnapshots-images.nemac.com:8080/spc_severe/spc_severe_probability_02_28_620.png","","2014-01-23","620,940","620.example.com,940.example.com"
"spc_severe_probability_02_29_620","spc_severe","02","29","SPC Severe for February 29","http://datasnapshots-images.nemac.com:8080/spc_severe/spc_severe_probability_02_29_620.png","","2014-01-23","620,940","620.example.com,940.example.com"
"spc_severe_probability_02_02_620","spc_severe","02","02","SPC Severe for February 2","http://datasnapshots-images.nemac.com:8080/spc_severe/spc_severe_probability_02_02_620.png","","2014-01-23","620,940","620.example.com,940.example.com"
"spc_severe_probability_02_03_620","spc_severe","02","03","SPC Severe for February 3","http://datasnapshots-images.nemac.com:8080/spc_severe/spc_severe_probability_02_03_620.png","","2014-01-23","620,940","620.example.com,940.example.com"
"spc_severe_probability_02_04_620","spc_severe","02","04","SPC Severe for February 4","http://datasnapshots-images.nemac.com:8080/spc_severe/spc_severe_probability_02_04_620.png","","2014-01-23","620,940","620.example.com,940.example.com"
"spc_severe_probability_02_05_620","spc_severe","02","05","SPC Severe for February 5","http://datasnapshots-images.nemac.com:8080/spc_severe/spc_severe_probability_02_05_620.png","","2014-01-23","620,940","620.example.com,940.example.com"
"spc_severe_probability_02_06_620","spc_severe","02","06","SPC Severe for February 6","http://datasnapshots-images.nemac.com:8080/spc_severe/spc_severe_probability_02_06_620.png","","2014-01-23","620,940","620.example.com,940.example.com"
"spc_severe_probability_02_07_620","spc_severe","02","07","SPC Severe for February 7","http://datasnapshots-images.nemac.com:8080/spc_severe/spc_severe_probability_02_07_620.png","","2014-01-23","620,940","620.example.com,940.example.com"
"spc_severe_probability_02_08_620","spc_severe","02","08","SPC Severe for February 8","http://datasnapshots-images.nemac.com:8080/spc_severe/spc_severe_probability_02_08_620.png","","2014-01-23","620,940","620.example.com,940.example.com"
"spc_severe_probability_02_09_620","spc_severe","02","09","SPC Severe for February 9","http://datasnapshots-images.nemac.com:8080/spc_severe/spc_severe_probability_02_09_620.png","","2014-01-23","620,940","620.example.com,940.example.com"
"spc_severe_probability_01_10_620","spc_severe","01","10","SPC Severe for January 10","http://datasnapshots-images.nemac.com:8080/spc_severe/spc_severe_probability_01_10_620.png","","2014-01-23","620,940","620.example.com,940.example.com"
"spc_severe_probability_01_11_620","spc_severe","01","11","SPC Severe for January 11","http://datasnapshots-images.nemac.com:8080/spc_severe/spc_severe_probability_01_11_620.png","","2014-01-23","620,940","620.example.com,940.example.com"
"spc_severe_probability_01_12_620","spc_severe","01","12","SPC Severe for January 12","http://datasnapshots-images.nemac.com:8080/spc_severe/spc_severe_probability_01_12_620.png","","2014-01-23","620,940","620.example.com,940.example.com"
"spc_severe_probability_01_13_620","spc_severe","01","13","SPC Severe for January 13","http://datasnapshots-images.nemac.com:8080/spc_severe/spc_severe_probability_01_13_620.png","","2014-01-23","620,940","620.example.com,940.example.com"
"spc_severe_probability_01_14_620","spc_severe","01","14","SPC Severe for January 14","http://datasnapshots-images.nemac.com:8080/spc_severe/spc_severe_probability_01_14_620.png","","2014-01-23","620,940","620.example.com,940.example.com"
"spc_severe_probability_01_15_620","spc_severe","01","15","SPC Severe for January 15","http://datasnapshots-images.nemac.com:8080/spc_severe/spc_severe_probability_01_15_620.png","","2014-01-23","620,940","620.example.com,940.example.com"
"spc_severe_probability_01_16_620","spc_severe","01","16","SPC Severe for January 16","http://datasnapshots-images.nemac.com:8080/spc_severe/spc_severe_probability_01_16_620.png","","2014-01-23","620,940","620.example.com,940.example.com"
"spc_severe_probability_01_17_620","spc_severe","01","17","SPC Severe for January 17","http://datasnapshots-images.nemac.com:8080/spc_severe/spc_severe_probability_01_17_620.png","","2014-01-23","620,940","620.example.com,940.example.com"
"spc_severe_probability_01_18_620","spc_severe","01","18","SPC Severe for January 18","http://datasnapshots-images.nemac.com:8080/spc_severe/spc_severe_probability_01_18_620.png","","2014-01-23","620,940","620.example.com,940.example.com"
"spc_severe_probability_01_19_620","spc_severe","01","19","SPC Severe for January 19","http://datasnapshots-images.nemac.com:8080/spc_severe/spc_severe_probability_01_19_620.png","","2014-01-23","620,940","620.example.com,940.example.com"
"spc_severe_probability_01_01_620","spc_severe","01","01","SPC Severe for January 1","http://datasnapshots-images.nemac.com:8080/spc_severe/spc_severe_probability_01_01_620.png","","2014-01-23","620,940","620.example.com,940.example.com"
"spc_severe_probability_01_20_620","spc_severe","01","20","SPC Severe for January 20","http://datasnapshots-images.nemac.com:8080/spc_severe/spc_severe_probability_01_20_620.png","","2014-01-23","620,940","620.example.com,940.example.com"
"spc_severe_probability_01_21_620","spc_severe","01","21","SPC Severe for January 21","http://datasnapshots-images.nemac.com:8080/spc_severe/spc_severe_probability_01_21_620.png","","2014-01-23","620,940","620.example.com,940.example.com"
"spc_severe_probability_01_22_620","spc_severe","01","22","SPC Severe for January 22","http://datasnapshots-images.nemac.com:8080/spc_severe/spc_severe_probability_01_22_620.png","","2014-01-23","620,940","620.example.com,940.example.com"
"spc_severe_probability_01_23_620","spc_severe","01","23","SPC Severe for January 23","http://datasnapshots-images.nemac.com:8080/spc_severe/spc_severe_probability_01_23_620.png","","2014-01-23","620,940","620.example.com,940.example.com"
"spc_severe_probability_01_24_620","spc_severe","01","24","SPC Severe for January 24","http://datasnapshots-images.nemac.com:8080/spc_severe/spc_severe_probability_01_24_620.png","","2014-01-23","620,940","620.example.com,940.example.com"
"spc_severe_probability_01_25_620","spc_severe","01","25","SPC Severe for January 25","http://datasnapshots-images.nemac.com:8080/spc_severe/spc_severe_probability_01_25_620.png","","2014-01-23","620,940","620.example.com,940.example.com"
"spc_severe_probability_01_26_620","spc_severe","01","26","SPC Severe for January 26","http://datasnapshots-images.nemac.com:8080/spc_severe/spc_severe_probability_01_26_620.png","","2014-01-23","620,940","620.example.com,940.example.com"
"spc_severe_probability_01_27_620","spc_severe","01","27","SPC Severe for January 27","http://datasnapshots-images.nemac.com:8080/spc_severe/spc_severe_probability_01_27_620.png","","2014-01-23","620,940","620.example.com,940.example.com"
"spc_severe_probability_01_28_620","spc_severe","01","28","SPC Severe for January 28","http://datasnapshots-images.nemac.com:8080/spc_severe/spc_severe_probability_01_28_620.png","","2014-01-23","620,940","620.example.com,940.example.com"
"spc_severe_probability_01_29_620","spc_severe","01","29","SPC Severe for January 29","http://datasnapshots-images.nemac.com:8080/spc_severe/spc_severe_probability_01_29_620.png","","2014-01-23","620,940","620.example.com,940.example.com"
"spc_severe_probability_01_02_620","spc_severe","01","02","SPC Severe for January 2","http://datasnapshots-images.nemac.com:8080/spc_severe/spc_severe_probability_01_02_620.png","","2014-01-23","620,940","620.example.com,940.example.com"
"spc_severe_probability_01_30_620","spc_severe","01","30","SPC Severe for January 30","http://datasnapshots-images.nemac.com:8080/spc_severe/spc_severe_probability_01_30_620.png","","2014-01-23","620,940","620.example.com,940.example.com"
"spc_severe_probability_01_31_620","spc_severe","01","31","SPC Severe for January 31","http://datasnapshots-images.nemac.com:8080/spc_severe/spc_severe_probability_01_31_620.png","","2014-01-23","620,940","620.example.com,940.example.com"
"spc_severe_probability_01_03_620","spc_severe","01","03","SPC Severe for January 3","http://datasnapshots-images.nemac.com:8080/spc_severe/spc_severe_probability_01_03_620.png","","2014-01-23","620,940","620.example.com,940.example.com"
"spc_severe_probability_01_04_620","spc_severe","01","04","SPC Severe for January 4","http://datasnapshots-images.nemac.com:8080/spc_severe/spc_severe_probability_01_04_620.png","","2014-01-23","620,940","620.example.com,940.example.com"
"spc_severe_probability_01_05_620","spc_severe","01","05","SPC Severe for January 5","http://datasnapshots-images.nemac.com:8080/spc_severe/spc_severe_probability_01_05_620.png","","2014-01-23","620,940","620.example.com,940.example.com"
"spc_severe_probability_01_06_620","spc_severe","01","06","SPC Severe for January 6","http://datasnapshots-images.nemac.com:8080/spc_severe/spc_severe_probability_01_06_620.png","","2014-01-23","620,940","620.example.com,940.example.com"
"spc_severe_probability_01_07_620","spc_severe","01","07","SPC Severe for January 7","http://datasnapshots-images.nemac.com:8080/spc_severe/spc_severe_probability_01_07_620.png","","2014-01-23","620,940","620.example.com,940.example.com"
"spc_severe_probability_01_08_620","spc_severe","01","08","SPC Severe for January 8","http://datasnapshots-images.nemac.com:8080/spc_severe/spc_severe_probability_01_08_620.png","","2014-01-23","620,940","620.example.com,940.example.com"
"spc_severe_probability_01_09_620","spc_severe","01","09","SPC Severe for January 9","http://datasnapshots-images.nemac.com:8080/spc_severe/spc_severe_probability_01_09_620.png","","2014-01-23","620,940","620.example.com,940.example.com"
"spc_severe_probability_07_10_620","spc_severe","07","10","SPC Severe for July 10","http://datasnapshots-images.nemac.com:8080/spc_severe/spc_severe_probability_07_10_620.png","","2014-01-23","620,940","620.example.com,940.example.com"
"spc_severe_probability_07_11_620","spc_severe","07","11","SPC Severe for July 11","http://datasnapshots-images.nemac.com:8080/spc_severe/spc_severe_probability_07_11_620.png","","2014-01-23","620,940","620.example.com,940.example.com"
"spc_severe_probability_07_12_620","spc_severe","07","12","SPC Severe for July 12","http://datasnapshots-images.nemac.com:8080/spc_severe/spc_severe_probability_07_12_620.png","","2014-01-23","620,940","620.example.com,940.example.com"
"spc_severe_probability_07_13_620","spc_severe","07","13","SPC Severe for July 13","http://datasnapshots-images.nemac.com:8080/spc_severe/spc_severe_probability_07_13_620.png","","2014-01-23","620,940","620.example.com,940.example.com"
"spc_severe_probability_07_14_620","spc_severe","07","14","SPC Severe for July 14","http://datasnapshots-images.nemac.com:8080/spc_severe/spc_severe_probability_07_14_620.png","","2014-01-23","620,940","620.example.com,940.example.com"
"spc_severe_probability_07_15_620","spc_severe","07","15","SPC Severe for July 15","http://datasnapshots-images.nemac.com:8080/spc_severe/spc_severe_probability_07_15_620.png","","2014-01-23","620,940","620.example.com,940.example.com"
"spc_severe_probability_07_16_620","spc_severe","07","16","SPC Severe for July 16","http://datasnapshots-images.nemac.com:8080/spc_severe/spc_severe_probability_07_16_620.png","","2014-01-23","620,940","620.example.com,940.example.com"
"spc_severe_probability_07_17_620","spc_severe","07","17","SPC Severe for July 17","http://datasnapshots-images.nemac.com:8080/spc_severe/spc_severe_probability_07_17_620.png","","2014-01-23","620,940","620.example.com,940.example.com"
"spc_severe_probability_07_18_620","spc_severe","07","18","SPC Severe for July 18","http://datasnapshots-images.nemac.com:8080/spc_severe/spc_severe_probability_07_18_620.png","","2014-01-23","620,940","620.example.com,940.example.com"
"spc_severe_probability_07_19_620","spc_severe","07","19","SPC Severe for July 19","http://datasnapshots-images.nemac.com:8080/spc_severe/spc_severe_probability_07_19_620.png","","2014-01-23","620,940","620.example.com,940.example.com"
"spc_severe_probability_07_01_620","spc_severe","07","01","SPC Severe for July 1","http://datasnapshots-images.nemac.com:8080/spc_severe/spc_severe_probability_07_01_620.png","","2014-01-23","620,940","620.example.com,940.example.com"
"spc_severe_probability_07_20_620","spc_severe","07","20","SPC Severe for July 20","http://datasnapshots-images.nemac.com:8080/spc_severe/spc_severe_probability_07_20_620.png","","2014-01-23","620,940","620.example.com,940.example.com"
"spc_severe_probability_07_21_620","spc_severe","07","21","SPC Severe for July 21","http://datasnapshots-images.nemac.com:8080/spc_severe/spc_severe_probability_07_21_620.png","","2014-01-23","620,940","620.example.com,940.example.com"
"spc_severe_probability_07_22_620","spc_severe","07","22","SPC Severe for July 22","http://datasnapshots-images.nemac.com:8080/spc_severe/spc_severe_probability_07_22_620.png","","2014-01-23","620,940","620.example.com,940.example.com"
"spc_severe_probability_07_23_620","spc_severe","07","23","SPC Severe for July 23","http://datasnapshots-images.nemac.com:8080/spc_severe/spc_severe_probability_07_23_620.png","","2014-01-23","620,940","620.example.com,940.example.com"
"spc_severe_probability_07_24_620","spc_severe","07","24","SPC Severe for July 24","http://datasnapshots-images.nemac.com:8080/spc_severe/spc_severe_probability_07_24_620.png","","2014-01-23","620,940","620.example.com,940.example.com"
"spc_severe_probability_07_25_620","spc_severe","07","25","SPC Severe for July 25","http://datasnapshots-images.nemac.com:8080/spc_severe/spc_severe_probability_07_25_620.png","","2014-01-23","620,940","620.example.com,940.example.com"
"spc_severe_probability_07_26_620","spc_severe","07","26","SPC Severe for July 26","http://datasnapshots-images.nemac.com:8080/spc_severe/spc_severe_probability_07_26_620.png","","2014-01-23","620,940","620.example.com,940.example.com"
"spc_severe_probability_07_27_620","spc_severe","07","27","SPC Severe for July 27","http://datasnapshots-images.nemac.com:8080/spc_severe/spc_severe_probability_07_27_620.png","","2014-01-23","620,940","620.example.com,940.example.com"
"spc_severe_probability_07_28_620","spc_severe","07","28","SPC Severe for July 28","http://datasnapshots-images.nemac.com:8080/spc_severe/spc_severe_probability_07_28_620.png","","2014-01-23","620,940","620.example.com,940.example.com"
"spc_severe_probability_07_29_620","spc_severe","07","29","SPC Severe for July 29","http://datasnapshots-images.nemac.com:8080/spc_severe/spc_severe_probability_07_29_620.png","","2014-01-23","620,940","620.example.com,940.example.com"
"spc_severe_probability_07_02_620","spc_severe","07","02","SPC Severe for July 2","http://datasnapshots-images.nemac.com:8080/spc_severe/spc_severe_probability_07_02_620.png","","2014-01-23","620,940","620.example.com,940.example.com"
"spc_severe_probability_07_30_620","spc_severe","07","30","SPC Severe for July 30","http://datasnapshots-images.nemac.com:8080/spc_severe/spc_severe_probability_07_30_620.png","","2014-01-23","620,940","620.example.com,940.example.com"
"spc_severe_probability_07_31_620","spc_severe","07","31","SPC Severe for July 31","http://datasnapshots-images.nemac.com:8080/spc_severe/spc_severe_probability_07_31_620.png","","2014-01-23","620,940","620.example.com,940.example.com"
"spc_severe_probability_07_03_620","spc_severe","07","03","SPC Severe for July 3","http://datasnapshots-images.nemac.com:8080/spc_severe/spc_severe_probability_07_03_620.png","","2014-01-23","620,940","620.example.com,940.example.com"
"spc_severe_probability_07_04_620","spc_severe","07","04","SPC Severe for July 4","http://datasnapshots-images.nemac.com:8080/spc_severe/spc_severe_probability_07_04_620.png","","2014-01-23","620,940","620.example.com,940.example.com"
"spc_severe_probability_07_05_620","spc_severe","07","05","SPC Severe for July 5","http://datasnapshots-images.nemac.com:8080/spc_severe/spc_severe_probability_07_05_620.png","","2014-01-23","620,940","620.example.com,940.example.com"
"spc_severe_probability_07_06_620","spc_severe","07","06","SPC Severe for July 6","http://datasnapshots-images.nemac.com:8080/spc_severe/spc_severe_probability_07_06_620.png","","2014-01-23","620,940","620.example.com,940.example.com"
"spc_severe_probability_07_07_620","spc_severe","07","07","SPC Severe for July 7","http://datasnapshots-images.nemac.com:8080/spc_severe/spc_severe_probability_07_07_620.png","","2014-01-23","620,940","620.example.com,940.example.com"
"spc_severe_probability_07_08_620","spc_severe","07","08","SPC Severe for July 8","http://datasnapshots-images.nemac.com:8080/spc_severe/spc_severe_probability_07_08_620.png","","2014-01-23","620,940","620.example.com,940.example.com"
"spc_severe_probability_07_09_620","spc_severe","07","09","SPC Severe for July 9","http://datasnapshots-images.nemac.com:8080/spc_severe/spc_severe_probability_07_09_620.png","","2014-01-23","620,940","620.example.com,940.example.com"
"spc_severe_probability_06_10_620","spc_severe","06","10","SPC Severe for June 10","http://datasnapshots-images.nemac.com:8080/spc_severe/spc_severe_probability_06_10_620.png","","2014-01-23","620,940","620.example.com,940.example.com"
"spc_severe_probability_06_11_620","spc_severe","06","11","SPC Severe for June 11","http://datasnapshots-images.nemac.com:8080/spc_severe/spc_severe_probability_06_11_620.png","","2014-01-23","620,940","620.example.com,940.example.com"
"spc_severe_probability_06_12_620","spc_severe","06","12","SPC Severe for June 12","http://datasnapshots-images.nemac.com:8080/spc_severe/spc_severe_probability_06_12_620.png","","2014-01-23","620,940","620.example.com,940.example.com"
"spc_severe_probability_06_13_620","spc_severe","06","13","SPC Severe for June 13","http://datasnapshots-images.nemac.com:8080/spc_severe/spc_severe_probability_06_13_620.png","","2014-01-23","620,940","620.example.com,940.example.com"
"spc_severe_probability_06_14_620","spc_severe","06","14","SPC Severe for June 14","http://datasnapshots-images.nemac.com:8080/spc_severe/spc_severe_probability_06_14_620.png","","2014-01-23","620,940","620.example.com,940.example.com"
"spc_severe_probability_06_15_620","spc_severe","06","15","SPC Severe for June 15","http://datasnapshots-images.nemac.com:8080/spc_severe/spc_severe_probability_06_15_620.png","","2014-01-23","620,940","620.example.com,940.example.com"
"spc_severe_probability_06_16_620","spc_severe","06","16","SPC Severe for June 16","http://datasnapshots-images.nemac.com:8080/spc_severe/spc_severe_probability_06_16_620.png","","2014-01-23","620,940","620.example.com,940.example.com"
"spc_severe_probability_06_17_620","spc_severe","06","17","SPC Severe for June 17","http://datasnapshots-images.nemac.com:8080/spc_severe/spc_severe_probability_06_17_620.png","","2014-01-23","620,940","620.example.com,940.example.com"
"spc_severe_probability_06_18_620","spc_severe","06","18","SPC Severe for June 18","http://datasnapshots-images.nemac.com:8080/spc_severe/spc_severe_probability_06_18_620.png","","2014-01-23","620,940","620.example.com,940.example.com"
"spc_severe_probability_06_19_620","spc_severe","06","19","SPC Severe for June 19","http://datasnapshots-images.nemac.com:8080/spc_severe/spc_severe_probability_06_19_620.png","","2014-01-23","620,940","620.example.com,940.example.com"
"spc_severe_probability_06_01_620","spc_severe","06","01","SPC Severe for June 1","http://datasnapshots-images.nemac.com:8080/spc_severe/spc_severe_probability_06_01_620.png","","2014-01-23","620,940","620.example.com,940.example.com"
"spc_severe_probability_06_20_620","spc_severe","06","20","SPC Severe for June 20","http://datasnapshots-images.nemac.com:8080/spc_severe/spc_severe_probability_06_20_620.png","","2014-01-23","620,940","620.example.com,940.example.com"
"spc_severe_probability_06_21_620","spc_severe","06","21","SPC Severe for June 21","http://datasnapshots-images.nemac.com:8080/spc_severe/spc_severe_probability_06_21_620.png","","2014-01-23","620,940","620.example.com,940.example.com"
"spc_severe_probability_06_22_620","spc_severe","06","22","SPC Severe for June 22","http://datasnapshots-images.nemac.com:8080/spc_severe/spc_severe_probability_06_22_620.png","","2014-01-23","620,940","620.example.com,940.example.com"
"spc_severe_probability_06_23_620","spc_severe","06","23","SPC Severe for June 23","http://datasnapshots-images.nemac.com:8080/spc_severe/spc_severe_probability_06_23_620.png","","2014-01-23","620,940","620.example.com,940.example.com"
"spc_severe_probability_06_24_620","spc_severe","06","24","SPC Severe for June 24","http://datasnapshots-images.nemac.com:8080/spc_severe/spc_severe_probability_06_24_620.png","","2014-01-23","620,940","620.example.com,940.example.com"
"spc_severe_probability_06_25_620","spc_severe","06","25","SPC Severe for June 25","http://datasnapshots-images.nemac.com:8080/spc_severe/spc_severe_probability_06_25_620.png","","2014-01-23","620,940","620.example.com,940.example.com"
"spc_severe_probability_06_26_620","spc_severe","06","26","SPC Severe for June 26","http://datasnapshots-images.nemac.com:8080/spc_severe/spc_severe_probability_06_26_620.png","","2014-01-23","620,940","620.example.com,940.example.com"
"spc_severe_probability_06_27_620","spc_severe","06","27","SPC Severe for June 27","http://datasnapshots-images.nemac.com:8080/spc_severe/spc_severe_probability_06_27_620.png","","2014-01-23","620,940","620.example.com,940.example.com"
"spc_severe_probability_06_28_620","spc_severe","06","28","SPC Severe for June 28","http://datasnapshots-images.nemac.com:8080/spc_severe/spc_severe_probability_06_28_620.png","","2014-01-23","620,940","620.example.com,940.example.com"
"spc_severe_probability_06_29_620","spc_severe","06","29","SPC Severe for June 29","http://datasnapshots-images.nemac.com:8080/spc_severe/spc_severe_probability_06_29_620.png","","2014-01-23","620,940","620.example.com,940.example.com"
"spc_severe_probability_06_02_620","spc_severe","06","02","SPC Severe for June 2","http://datasnapshots-images.nemac.com:8080/spc_severe/spc_severe_probability_06_02_620.png","","2014-01-23","620,940","620.example.com,940.example.com"
"spc_severe_probability_06_30_620","spc_severe","06","30","SPC Severe for June 30","http://datasnapshots-images.nemac.com:8080/spc_severe/spc_severe_probability_06_30_620.png","","2014-01-23","620,940","620.example.com,940.example.com"
"spc_severe_probability_06_03_620","spc_severe","06","03","SPC Severe for June 3","http://datasnapshots-images.nemac.com:8080/spc_severe/spc_severe_probability_06_03_620.png","","2014-01-23","620,940","620.example.com,940.example.com"
"spc_severe_probability_06_04_620","spc_severe","06","04","SPC Severe for June 4","http://datasnapshots-images.nemac.com:8080/spc_severe/spc_severe_probability_06_04_620.png","","2014-01-23","620,940","620.example.com,940.example.com"
"spc_severe_probability_06_05_620","spc_severe","06","05","SPC Severe for June 5","http://datasnapshots-images.nemac.com:8080/spc_severe/spc_severe_probability_06_05_620.png","","2014-01-23","620,940","620.example.com,940.example.com"
"spc_severe_probability_06_06_620","spc_severe","06","06","SPC Severe for June 6","http://datasnapshots-images.nemac.com:8080/spc_severe/spc_severe_probability_06_06_620.png","","2014-01-23","620,940","620.example.com,940.example.com"
"spc_severe_probability_06_07_620","spc_severe","06","07","SPC Severe for June 7","http://datasnapshots-images.nemac.com:8080/spc_severe/spc_severe_probability_06_07_620.png","","2014-01-23","620,940","620.example.com,940.example.com"
"spc_severe_probability_06_08_620","spc_severe","06","08","SPC Severe for June 8","http://datasnapshots-images.nemac.com:8080/spc_severe/spc_severe_probability_06_08_620.png","","2014-01-23","620,940","620.example.com,940.example.com"
"spc_severe_probability_06_09_620","spc_severe","06","09","SPC Severe for June 9","http://datasnapshots-images.nemac.com:8080/spc_severe/spc_severe_probability_06_09_620.png","","2014-01-23","620,940","620.example.com,940.example.com"
"spc_severe_probability_03_10_620","spc_severe","03","10","SPC Severe for March 10","http://datasnapshots-images.nemac.com:8080/spc_severe/spc_severe_probability_03_10_620.png","","2014-01-23","620,940","620.example.com,940.example.com"
"spc_severe_probability_03_11_620","spc_severe","03","11","SPC Severe for March 11","http://datasnapshots-images.nemac.com:8080/spc_severe/spc_severe_probability_03_11_620.png","","2014-01-23","620,940","620.example.com,940.example.com"
"spc_severe_probability_03_12_620","spc_severe","03","12","SPC Severe for March 12","http://datasnapshots-images.nemac.com:8080/spc_severe/spc_severe_probability_03_12_620.png","","2014-01-23","620,940","620.example.com,940.example.com"
"spc_severe_probability_03_13_620","spc_severe","03","13","SPC Severe for March 13","http://datasnapshots-images.nemac.com:8080/spc_severe/spc_severe_probability_03_13_620.png","","2014-01-23","620,940","620.example.com,940.example.com"
"spc_severe_probability_03_14_620","spc_severe","03","14","SPC Severe for March 14","http://datasnapshots-images.nemac.com:8080/spc_severe/spc_severe_probability_03_14_620.png","","2014-01-23","620,940","620.example.com,940.example.com"
"spc_severe_probability_03_15_620","spc_severe","03","15","SPC Severe for March 15","http://datasnapshots-images.nemac.com:8080/spc_severe/spc_severe_probability_03_15_620.png","","2014-01-23","620,940","620.example.com,940.example.com"
"spc_severe_probability_03_16_620","spc_severe","03","16","SPC Severe for March 16","http://datasnapshots-images.nemac.com:8080/spc_severe/spc_severe_probability_03_16_620.png","","2014-01-23","620,940","620.example.com,940.example.com"
"spc_severe_probability_03_17_620","spc_severe","03","17","SPC Severe for March 17","http://datasnapshots-images.nemac.com:8080/spc_severe/spc_severe_probability_03_17_620.png","","2014-01-23","620,940","620.example.com,940.example.com"
"spc_severe_probability_03_18_620","spc_severe","03","18","SPC Severe for March 18","http://datasnapshots-images.nemac.com:8080/spc_severe/spc_severe_probability_03_18_620.png","","2014-01-23","620,940","620.example.com,940.example.com"
"spc_severe_probability_03_19_620","spc_severe","03","19","SPC Severe for March 19","http://datasnapshots-images.nemac.com:8080/spc_severe/spc_severe_probability_03_19_620.png","","2014-01-23","620,940","620.example.com,940.example.com"
"spc_severe_probability_03_01_620","spc_severe","03","01","SPC Severe for March 1","http://datasnapshots-images.nemac.com:8080/spc_severe/spc_severe_probability_03_01_620.png","","2014-01-23","620,940","620.example.com,940.example.com"
"spc_severe_probability_03_20_620","spc_severe","03","20","SPC Severe for March 20","http://datasnapshots-images.nemac.com:8080/spc_severe/spc_severe_probability_03_20_620.png","","2014-01-23","620,940","620.example.com,940.example.com"
"spc_severe_probability_03_21_620","spc_severe","03","21","SPC Severe for March 21","http://datasnapshots-images.nemac.com:8080/spc_severe/spc_severe_probability_03_21_620.png","","2014-01-23","620,940","620.example.com,940.example.com"
"spc_severe_probability_03_22_620","spc_severe","03","22","SPC Severe for March 22","http://datasnapshots-images.nemac.com:8080/spc_severe/spc_severe_probability_03_22_620.png","","2014-01-23","620,940","620.example.com,940.example.com"
"spc_severe_probability_03_23_620","spc_severe","03","23","SPC Severe for March 23","http://datasnapshots-images.nemac.com:8080/spc_severe/spc_severe_probability_03_23_620.png","","2014-01-23","620,940","620.example.com,940.example.com"
"spc_severe_probability_03_24_620","spc_severe","03","24","SPC Severe for March 24","http://datasnapshots-images.nemac.com:8080/spc_severe/spc_severe_probability_03_24_620.png","","2014-01-23","620,940","620.example.com,940.example.com"
"spc_severe_probability_03_25_620","spc_severe","03","25","SPC Severe for March 25","http://datasnapshots-images.nemac.com:8080/spc_severe/spc_severe_probability_03_25_620.png","","2014-01-23","620,940","620.example.com,940.example.com"
"spc_severe_probability_03_26_620","spc_severe","03","26","SPC Severe for March 26","http://datasnapshots-images.nemac.com:8080/spc_severe/spc_severe_probability_03_26_620.png","","2014-01-23","620,940","620.example.com,940.example.com"
"spc_severe_probability_03_27_620","spc_severe","03","27","SPC Severe for March 27","http://datasnapshots-images.nemac.com:8080/spc_severe/spc_severe_probability_03_27_620.png","","2014-01-23","620,940","620.example.com,940.example.com"
"spc_severe_probability_03_28_620","spc_severe","03","28","SPC Severe for March 28","http://datasnapshots-images.nemac.com:8080/spc_severe/spc_severe_probability_03_28_620.png","","2014-01-23","620,940","620.example.com,940.example.com"
"spc_severe_probability_03_29_620","spc_severe","03","29","SPC Severe for March 29","http://datasnapshots-images.nemac.com:8080/spc_severe/spc_severe_probability_03_29_620.png","","2014-01-23","620,940","620.example.com,940.example.com"
"spc_severe_probability_03_02_620","spc_severe","03","02","SPC Severe for March 2","http://datasnapshots-images.nemac.com:8080/spc_severe/spc_severe_probability_03_02_620.png","","2014-01-23","620,940","620.example.com,940.example.com"
"spc_severe_probability_03_30_620","spc_severe","03","30","SPC Severe for March 30","http://datasnapshots-images.nemac.com:8080/spc_severe/spc_severe_probability_03_30_620.png","","2014-01-23","620,940","620.example.com,940.example.com"
"spc_severe_probability_03_31_620","spc_severe","03","31","SPC Severe for March 31","http://datasnapshots-images.nemac.com:8080/spc_severe/spc_severe_probability_03_31_620.png","","2014-01-23","620,940","620.example.com,940.example.com"
"spc_severe_probability_03_03_620","spc_severe","03","03","SPC Severe for March 3","http://datasnapshots-images.nemac.com:8080/spc_severe/spc_severe_probability_03_03_620.png","","2014-01-23","620,940","620.example.com,940.example.com"
"spc_severe_probability_03_04_620","spc_severe","03","04","SPC Severe for March 4","http://datasnapshots-images.nemac.com:8080/spc_severe/spc_severe_probability_03_04_620.png","","2014-01-23","620,940","620.example.com,940.example.com"
"spc_severe_probability_03_05_620","spc_severe","03","05","SPC Severe for March 5","http://datasnapshots-images.nemac.com:8080/spc_severe/spc_severe_probability_03_05_620.png","","2014-01-23","620,940","620.example.com,940.example.com"
"spc_severe_probability_03_06_620","spc_severe","03","06","SPC Severe for March 6","http://datasnapshots-images.nemac.com:8080/spc_severe/spc_severe_probability_03_06_620.png","","2014-01-23","620,940","620.example.com,940.example.com"
"spc_severe_probability_03_07_620","spc_severe","03","07","SPC Severe for March 7","http://datasnapshots-images.nemac.com:8080/spc_severe/spc_severe_probability_03_07_620.png","","2014-01-23","620,940","620.example.com,940.example.com"
"spc_severe_probability_03_08_620","spc_severe","03","08","SPC Severe for March 8","http://datasnapshots-images.nemac.com:8080/spc_severe/spc_severe_probability_03_08_620.png","","2014-01-23","620,940","620.example.com,940.example.com"
"spc_severe_probability_03_09_620","spc_severe","03","09","SPC Severe for March 9","http://datasnapshots-images.nemac.com:8080/spc_severe/spc_severe_probability_03_09_620.png","","2014-01-23","620,940","620.example.com,940.example.com"
"spc_severe_probability_05_10_620","spc_severe","05","10","SPC Severe for May 10","http://datasnapshots-images.nemac.com:8080/spc_severe/spc_severe_probability_05_10_620.png","","2014-01-23","620,940","620.example.com,940.example.com"
"spc_severe_probability_05_11_620","spc_severe","05","11","SPC Severe for May 11","http://datasnapshots-images.nemac.com:8080/spc_severe/spc_severe_probability_05_11_620.png","","2014-01-23","620,940","620.example.com,940.example.com"
"spc_severe_probability_05_12_620","spc_severe","05","12","SPC Severe for May 12","http://datasnapshots-images.nemac.com:8080/spc_severe/spc_severe_probability_05_12_620.png","","2014-01-23","620,940","620.example.com,940.example.com"
"spc_severe_probability_05_13_620","spc_severe","05","13","SPC Severe for May 13","http://datasnapshots-images.nemac.com:8080/spc_severe/spc_severe_probability_05_13_620.png","","2014-01-23","620,940","620.example.com,940.example.com"
"spc_severe_probability_05_14_620","spc_severe","05","14","SPC Severe for May 14","http://datasnapshots-images.nemac.com:8080/spc_severe/spc_severe_probability_05_14_620.png","","2014-01-23","620,940","620.example.com,940.example.com"
"spc_severe_probability_05_15_620","spc_severe","05","15","SPC Severe for May 15","http://datasnapshots-images.nemac.com:8080/spc_severe/spc_severe_probability_05_15_620.png","","2014-01-23","620,940","620.example.com,940.example.com"
"spc_severe_probability_05_16_620","spc_severe","05","16","SPC Severe for May 16","http://datasnapshots-images.nemac.com:8080/spc_severe/spc_severe_probability_05_16_620.png","","2014-01-23","620,940","620.example.com,940.example.com"
"spc_severe_probability_05_17_620","spc_severe","05","17","SPC Severe for May 17","http://datasnapshots-images.nemac.com:8080/spc_severe/spc_severe_probability_05_17_620.png","","2014-01-23","620,940","620.example.com,940.example.com"
"spc_severe_probability_05_18_620","spc_severe","05","18","SPC Severe for May 18","http://datasnapshots-images.nemac.com:8080/spc_severe/spc_severe_probability_05_18_620.png","","2014-01-23","620,940","620.example.com,940.example.com"
"spc_severe_probability_05_19_620","spc_severe","05","19","SPC Severe for May 19","http://datasnapshots-images.nemac.com:8080/spc_severe/spc_severe_probability_05_19_620.png","","2014-01-23","620,940","620.example.com,940.example.com"
"spc_severe_probability_05_01_620","spc_severe","05","01","SPC Severe for May 1","http://datasnapshots-images.nemac.com:8080/spc_severe/spc_severe_probability_05_01_620.png","","2014-01-23","620,940","620.example.com,940.example.com"
"spc_severe_probability_05_20_620","spc_severe","05","20","SPC Severe for May 20","http://datasnapshots-images.nemac.com:8080/spc_severe/spc_severe_probability_05_20_620.png","","2014-01-23","620,940","620.example.com,940.example.com"
"spc_severe_probability_05_21_620","spc_severe","05","21","SPC Severe for May 21","http://datasnapshots-images.nemac.com:8080/spc_severe/spc_severe_probability_05_21_620.png","","2014-01-23","620,940","620.example.com,940.example.com"
"spc_severe_probability_05_22_620","spc_severe","05","22","SPC Severe for May 22","http://datasnapshots-images.nemac.com:8080/spc_severe/spc_severe_probability_05_22_620.png","","2014-01-23","620,940","620.example.com,940.example.com"
"spc_severe_probability_05_23_620","spc_severe","05","23","SPC Severe for May 23","http://datasnapshots-images.nemac.com:8080/spc_severe/spc_severe_probability_05_23_620.png","","2014-01-23","620,940","620.example.com,940.example.com"
"spc_severe_probability_05_24_620","spc_severe","05","24","SPC Severe for May 24","http://datasnapshots-images.nemac.com:8080/spc_severe/spc_severe_probability_05_24_620.png","","2014-01-23","620,940","620.example.com,940.example.com"
"spc_severe_probability_05_25_620","spc_severe","05","25","SPC Severe for May 25","http://datasnapshots-images.nemac.com:8080/spc_severe/spc_severe_probability_05_25_620.png","","2014-01-23","620,940","620.example.com,940.example.com"
"spc_severe_probability_05_26_620","spc_severe","05","26","SPC Severe for May 26","http://datasnapshots-images.nemac.com:8080/spc_severe/spc_severe_probability_05_26_620.png","","2014-01-23","620,940","620.example.com,940.example.com"
"spc_severe_probability_05_27_620","spc_severe","05","27","SPC Severe for May 27","http://datasnapshots-images.nemac.com:8080/spc_severe/spc_severe_probability_05_27_620.png","","2014-01-23","620,940","620.example.com,940.example.com"
"spc_severe_probability_05_28_620","spc_severe","05","28","SPC Severe for May 28","http://datasnapshots-images.nemac.com:8080/spc_severe/spc_severe_probability_05_28_620.png","","2014-01-23","620,940","620.example.com,940.example.com"
"spc_severe_probability_05_29_620","spc_severe","05","29","SPC Severe for May 29","http://datasnapshots-images.nemac.com:8080/spc_severe/spc_severe_probability_05_29_620.png","","2014-01-23","620,940","620.example.com,940.example.com"
"spc_severe_probability_05_02_620","spc_severe","05","02","SPC Severe for May 2","http://datasnapshots-images.nemac.com:8080/spc_severe/spc_severe_probability_05_02_620.png","","2014-01-23","620,940","620.example.com,940.example.com"
"spc_severe_probability_05_30_620","spc_severe","05","30","SPC Severe for May 30","http://datasnapshots-images.nemac.com:8080/spc_severe/spc_severe_probability_05_30_620.png","","2014-01-23","620,940","620.example.com,940.example.com"
"spc_severe_probability_05_31_620","spc_severe","05","31","SPC Severe for May 31","http://datasnapshots-images.nemac.com:8080/spc_severe/spc_severe_probability_05_31_620.png","","2014-01-23","620,940","620.example.com,940.example.com"
"spc_severe_probability_05_03_620","spc_severe","05","03","SPC Severe for May 3","http://datasnapshots-images.nemac.com:8080/spc_severe/spc_severe_probability_05_03_620.png","","2014-01-23","620,940","620.example.com,940.example.com"
"spc_severe_probability_05_04_620","spc_severe","05","04","SPC Severe for May 4","http://datasnapshots-images.nemac.com:8080/spc_severe/spc_severe_probability_05_04_620.png","","2014-01-23","620,940","620.example.com,940.example.com"
"spc_severe_probability_05_05_620","spc_severe","05","05","SPC Severe for May 5","http://datasnapshots-images.nemac.com:8080/spc_severe/spc_severe_probability_05_05_620.png","","2014-01-23","620,940","620.example.com,940.example.com"
"spc_severe_probability_05_06_620","spc_severe","05","06","SPC Severe for May 6","http://datasnapshots-images.nemac.com:8080/spc_severe/spc_severe_probability_05_06_620.png","","2014-01-23","620,940","620.example.com,940.example.com"
"spc_severe_probability_05_07_620","spc_severe","05","07","SPC Severe for May 7","http://datasnapshots-images.nemac.com:8080/spc_severe/spc_severe_probability_05_07_620.png","","2014-01-23","620,940","620.example.com,940.example.com"
"spc_severe_probability_05_08_620","spc_severe","05","08","SPC Severe for May 8","http://datasnapshots-images.nemac.com:8080/spc_severe/spc_severe_probability_05_08_620.png","","2014-01-23","620,940","620.example.com,940.example.com"
"spc_severe_probability_05_09_620","spc_severe","05","09","SPC Severe for May 9","http://datasnapshots-images.nemac.com:8080/spc_severe/spc_severe_probability_05_09_620.png","","2014-01-23","620,940","620.example.com,940.example.com"
"spc_severe_probability_11_10_620","spc_severe","11","10","SPC Severe for November 10","http://datasnapshots-images.nemac.com:8080/spc_severe/spc_severe_probability_11_10_620.png","","2014-01-23","620,940","620.example.com,940.example.com"
"spc_severe_probability_11_11_620","spc_severe","11","11","SPC Severe for November 11","http://datasnapshots-images.nemac.com:8080/spc_severe/spc_severe_probability_11_11_620.png","","2014-01-23","620,940","620.example.com,940.example.com"
"spc_severe_probability_11_12_620","spc_severe","11","12","SPC Severe for November 12","http://datasnapshots-images.nemac.com:8080/spc_severe/spc_severe_probability_11_12_620.png","","2014-01-23","620,940","620.example.com,940.example.com"
"spc_severe_probability_11_13_620","spc_severe","11","13","SPC Severe for November 13","http://datasnapshots-images.nemac.com:8080/spc_severe/spc_severe_probability_11_13_620.png","","2014-01-23","620,940","620.example.com,940.example.com"
"spc_severe_probability_11_14_620","spc_severe","11","14","SPC Severe for November 14","http://datasnapshots-images.nemac.com:8080/spc_severe/spc_severe_probability_11_14_620.png","","2014-01-23","620,940","620.example.com,940.example.com"
"spc_severe_probability_11_15_620","spc_severe","11","15","SPC Severe for November 15","http://datasnapshots-images.nemac.com:8080/spc_severe/spc_severe_probability_11_15_620.png","","2014-01-23","620,940","620.example.com,940.example.com"
"spc_severe_probability_11_16_620","spc_severe","11","16","SPC Severe for November 16","http://datasnapshots-images.nemac.com:8080/spc_severe/spc_severe_probability_11_16_620.png","","2014-01-23","620,940","620.example.com,940.example.com"
"spc_severe_probability_11_17_620","spc_severe","11","17","SPC Severe for November 17","http://datasnapshots-images.nemac.com:8080/spc_severe/spc_severe_probability_11_17_620.png","","2014-01-23","620,940","620.example.com,940.example.com"
"spc_severe_probability_11_18_620","spc_severe","11","18","SPC Severe for November 18","http://datasnapshots-images.nemac.com:8080/spc_severe/spc_severe_probability_11_18_620.png","","2014-01-23","620,940","620.example.com,940.example.com"
"spc_severe_probability_11_19_620","spc_severe","11","19","SPC Severe for November 19","http://datasnapshots-images.nemac.com:8080/spc_severe/spc_severe_probability_11_19_620.png","","2014-01-23","620,940","620.example.com,940.example.com"
"spc_severe_probability_11_01_620","spc_severe","11","01","SPC Severe for November 1","http://datasnapshots-images.nemac.com:8080/spc_severe/spc_severe_probability_11_01_620.png","","2014-01-23","620,940","620.example.com,940.example.com"
"spc_severe_probability_11_20_620","spc_severe","11","20","SPC Severe for November 20","http://datasnapshots-images.nemac.com:8080/spc_severe/spc_severe_probability_11_20_620.png","","2014-01-23","620,940","620.example.com,940.example.com"
"spc_severe_probability_11_21_620","spc_severe","11","21","SPC Severe for November 21","http://datasnapshots-images.nemac.com:8080/spc_severe/spc_severe_probability_11_21_620.png","","2014-01-23","620,940","620.example.com,940.example.com"
"spc_severe_probability_11_22_620","spc_severe","11","22","SPC Severe for November 22","http://datasnapshots-images.nemac.com:8080/spc_severe/spc_severe_probability_11_22_620.png","","2014-01-23","620,940","620.example.com,940.example.com"
"spc_severe_probability_11_23_620","spc_severe","11","23","SPC Severe for November 23","http://datasnapshots-images.nemac.com:8080/spc_severe/spc_severe_probability_11_23_620.png","","2014-01-23","620,940","620.example.com,940.example.com"
"spc_severe_probability_11_24_620","spc_severe","11","24","SPC Severe for November 24","http://datasnapshots-images.nemac.com:8080/spc_severe/spc_severe_probability_11_24_620.png","","2014-01-23","620,940","620.example.com,940.example.com"
"spc_severe_probability_11_25_620","spc_severe","11","25","SPC Severe for November 25","http://datasnapshots-images.nemac.com:8080/spc_severe/spc_severe_probability_11_25_620.png","","2014-01-23","620,940","620.example.com,940.example.com"
"spc_severe_probability_11_26_620","spc_severe","11","26","SPC Severe for November 26","http://datasnapshots-images.nemac.com:8080/spc_severe/spc_severe_probability_11_26_620.png","","2014-01-23","620,940","620.example.com,940.example.com"
"spc_severe_probability_11_27_620","spc_severe","11","27","SPC Severe for November 27","http://datasnapshots-images.nemac.com:8080/spc_severe/spc_severe_probability_11_27_620.png","","2014-01-23","620,940","620.example.com,940.example.com"
"spc_severe_probability_11_28_620","spc_severe","11","28","SPC Severe for November 28","http://datasnapshots-images.nemac.com:8080/spc_severe/spc_severe_probability_11_28_620.png","","2014-01-23","620,940","620.example.com,940.example.com"
"spc_severe_probability_11_29_620","spc_severe","11","29","SPC Severe for November 29","http://datasnapshots-images.nemac.com:8080/spc_severe/spc_severe_probability_11_29_620.png","","2014-01-23","620,940","620.example.com,940.example.com"
"spc_severe_probability_11_02_620","spc_severe","11","02","SPC Severe for November 2","http://datasnapshots-images.nemac.com:8080/spc_severe/spc_severe_probability_11_02_620.png","","2014-01-23","620,940","620.example.com,940.example.com"
"spc_severe_probability_11_30_620","spc_severe","11","30","SPC Severe for November 30","http://datasnapshots-images.nemac.com:8080/spc_severe/spc_severe_probability_11_30_620.png","","2014-01-23","620,940","620.example.com,940.example.com"
"spc_severe_probability_11_03_620","spc_severe","11","03","SPC Severe for November 3","http://datasnapshots-images.nemac.com:8080/spc_severe/spc_severe_probability_11_03_620.png","","2014-01-23","620,940","620.example.com,940.example.com"
"spc_severe_probability_11_04_620","spc_severe","11","04","SPC Severe for November 4","http://datasnapshots-images.nemac.com:8080/spc_severe/spc_severe_probability_11_04_620.png","","2014-01-23","620,940","620.example.com,940.example.com"
"spc_severe_probability_11_05_620","spc_severe","11","05","SPC Severe for November 5","http://datasnapshots-images.nemac.com:8080/spc_severe/spc_severe_probability_11_05_620.png","","2014-01-23","620,940","620.example.com,940.example.com"
"spc_severe_probability_11_06_620","spc_severe","11","06","SPC Severe for November 6","http://datasnapshots-images.nemac.com:8080/spc_severe/spc_severe_probability_11_06_620.png","","2014-01-23","620,940","620.example.com,940.example.com"
"spc_severe_probability_11_07_620","spc_severe","11","07","SPC Severe for November 7","http://datasnapshots-images.nemac.com:8080/spc_severe/spc_severe_probability_11_07_620.png","","2014-01-23","620,940","620.example.com,940.example.com"
"spc_severe_probability_11_08_620","spc_severe","11","08","SPC Severe for November 8","http://datasnapshots-images.nemac.com:8080/spc_severe/spc_severe_probability_11_08_620.png","","2014-01-23","620,940","620.example.com,940.example.com"
"spc_severe_probability_11_09_620","spc_severe","11","09","SPC Severe for November 9","http://datasnapshots-images.nemac.com:8080/spc_severe/spc_severe_probability_11_09_620.png","","2014-01-23","620,940","620.example.com,940.example.com"
"spc_severe_probability_10_10_620","spc_severe","10","10","SPC Severe for October 10","http://datasnapshots-images.nemac.com:8080/spc_severe/spc_severe_probability_10_10_620.png","","2014-01-23","620,940","620.example.com,940.example.com"
"spc_severe_probability_10_11_620","spc_severe","10","11","SPC Severe for October 11","http://datasnapshots-images.nemac.com:8080/spc_severe/spc_severe_probability_10_11_620.png","","2014-01-23","620,940","620.example.com,940.example.com"
"spc_severe_probability_10_12_620","spc_severe","10","12","SPC Severe for October 12","http://datasnapshots-images.nemac.com:8080/spc_severe/spc_severe_probability_10_12_620.png","","2014-01-23","620,940","620.example.com,940.example.com"
"spc_severe_probability_10_13_620","spc_severe","10","13","SPC Severe for October 13","http://datasnapshots-images.nemac.com:8080/spc_severe/spc_severe_probability_10_13_620.png","","2014-01-23","620,940","620.example.com,940.example.com"
"spc_severe_probability_10_14_620","spc_severe","10","14","SPC Severe for October 14","http://datasnapshots-images.nemac.com:8080/spc_severe/spc_severe_probability_10_14_620.png","","2014-01-23","620,940","620.example.com,940.example.com"
"spc_severe_probability_10_15_620","spc_severe","10","15","SPC Severe for October 15","http://datasnapshots-images.nemac.com:8080/spc_severe/spc_severe_probability_10_15_620.png","","2014-01-23","620,940","620.example.com,940.example.com"
"spc_severe_probability_10_16_620","spc_severe","10","16","SPC Severe for October 16","http://datasnapshots-images.nemac.com:8080/spc_severe/spc_severe_probability_10_16_620.png","","2014-01-23","620,940","620.example.com,940.example.com"
"spc_severe_probability_10_17_620","spc_severe","10","17","SPC Severe for October 17","http://datasnapshots-images.nemac.com:8080/spc_severe/spc_severe_probability_10_17_620.png","","2014-01-23","620,940","620.example.com,940.example.com"
"spc_severe_probability_10_18_620","spc_severe","10","18","SPC Severe for October 18","http://datasnapshots-images.nemac.com:8080/spc_severe/spc_severe_probability_10_18_620.png","","2014-01-23","620,940","620.example.com,940.example.com"
"spc_severe_probability_10_19_620","spc_severe","10","19","SPC Severe for October 19","http://datasnapshots-images.nemac.com:8080/spc_severe/spc_severe_probability_10_19_620.png","","2014-01-23","620,940","620.example.com,940.example.com"
"spc_severe_probability_10_01_620","spc_severe","10","01","SPC Severe for October 1","http://datasnapshots-images.nemac.com:8080/spc_severe/spc_severe_probability_10_01_620.png","","2014-01-23","620,940","620.example.com,940.example.com"
"spc_severe_probability_10_20_620","spc_severe","10","20","SPC Severe for October 20","http://datasnapshots-images.nemac.com:8080/spc_severe/spc_severe_probability_10_20_620.png","","2014-01-23","620,940","620.example.com,940.example.com"
"spc_severe_probability_10_21_620","spc_severe","10","21","SPC Severe for October 21","http://datasnapshots-images.nemac.com:8080/spc_severe/spc_severe_probability_10_21_620.png","","2014-01-23","620,940","620.example.com,940.example.com"
"spc_severe_probability_10_22_620","spc_severe","10","22","SPC Severe for October 22","http://datasnapshots-images.nemac.com:8080/spc_severe/spc_severe_probability_10_22_620.png","","2014-01-23","620,940","620.example.com,940.example.com"
"spc_severe_probability_10_23_620","spc_severe","10","23","SPC Severe for October 23","http://datasnapshots-images.nemac.com:8080/spc_severe/spc_severe_probability_10_23_620.png","","2014-01-23","620,940","620.example.com,940.example.com"
"spc_severe_probability_10_24_620","spc_severe","10","24","SPC Severe for October 24","http://datasnapshots-images.nemac.com:8080/spc_severe/spc_severe_probability_10_24_620.png","","2014-01-23","620,940","620.example.com,940.example.com"
"spc_severe_probability_10_25_620","spc_severe","10","25","SPC Severe for October 25","http://datasnapshots-images.nemac.com:8080/spc_severe/spc_severe_probability_10_25_620.png","","2014-01-23","620,940","620.example.com,940.example.com"
"spc_severe_probability_10_26_620","spc_severe","10","26","SPC Severe for October 26","http://datasnapshots-images.nemac.com:8080/spc_severe/spc_severe_probability_10_26_620.png","","2014-01-23","620,940","620.example.com,940.example.com"
"spc_severe_probability_10_27_620","spc_severe","10","27","SPC Severe for October 27","http://datasnapshots-images.nemac.com:8080/spc_severe/spc_severe_probability_10_27_620.png","","2014-01-23","620,940","620.example.com,940.example.com"
"spc_severe_probability_10_28_620","spc_severe","10","28","SPC Severe for October 28","http://datasnapshots-images.nemac.com:8080/spc_severe/spc_severe_probability_10_28_620.png","","2014-01-23","620,940","620.example.com,940.example.com"
"spc_severe_probability_10_29_620","spc_severe","10","29","SPC Severe for October 29","http://datasnapshots-images.nemac.com:8080/spc_severe/spc_severe_probability_10_29_620.png","","2014-01-23","620,940","620.example.com,940.example.com"
"spc_severe_probability_10_02_620","spc_severe","10","02","SPC Severe for October 2","http://datasnapshots-images.nemac.com:8080/spc_severe/spc_severe_probability_10_02_620.png","","2014-01-23","620,940","620.example.com,940.example.com"
"spc_severe_probability_10_30_620","spc_severe","10","30","SPC Severe for October 30","http://datasnapshots-images.nemac.com:8080/spc_severe/spc_severe_probability_10_30_620.png","","2014-01-23","620,940","620.example.com,940.example.com"
"spc_severe_probability_10_31_620","spc_severe","10","31","SPC Severe for October 31","http://datasnapshots-images.nemac.com:8080/spc_severe/spc_severe_probability_10_31_620.png","","2014-01-23","620,940","620.example.com,940.example.com"
"spc_severe_probability_10_03_620","spc_severe","10","03","SPC Severe for October 3","http://datasnapshots-images.nemac.com:8080/spc_severe/spc_severe_probability_10_03_620.png","","2014-01-23","620,940","620.example.com,940.example.com"
"spc_severe_probability_10_04_620","spc_severe","10","04","SPC Severe for October 4","http://datasnapshots-images.nemac.com:8080/spc_severe/spc_severe_probability_10_04_620.png","","2014-01-23","620,940","620.example.com,940.example.com"
"spc_severe_probability_10_05_620","spc_severe","10","05","SPC Severe for October 5","http://datasnapshots-images.nemac.com:8080/spc_severe/spc_severe_probability_10_05_620.png","","2014-01-23","620,940","620.example.com,940.example.com"
"spc_severe_probability_10_06_620","spc_severe","10","06","SPC Severe for October 6","http://datasnapshots-images.nemac.com:8080/spc_severe/spc_severe_probability_10_06_620.png","","2014-01-23","620,940","620.example.com,940.example.com"
"spc_severe_probability_10_07_620","spc_severe","10","07","SPC Severe for October 7","http://datasnapshots-images.nemac.com:8080/spc_severe/spc_severe_probability_10_07_620.png","","2014-01-23","620,940","620.example.com,940.example.com"
"spc_severe_probability_10_08_620","spc_severe","10","08","SPC Severe for October 8","http://datasnapshots-images.nemac.com:8080/spc_severe/spc_severe_probability_10_08_620.png","","2014-01-23","620,940","620.example.com,940.example.com"
"spc_severe_probability_10_09_620","spc_severe","10","09","SPC Severe for October 9","http://datasnapshots-images.nemac.com:8080/spc_severe/spc_severe_probability_10_09_620.png","","2014-01-23","620,940","620.example.com,940.example.com"
"spc_severe_probability_09_10_620","spc_severe","09","10","SPC Severe for Septempber 10","http://datasnapshots-images.nemac.com:8080/spc_severe/spc_severe_probability_09_10_620.png","","2014-01-23","620,940","620.example.com,940.example.com"
"spc_severe_probability_09_11_620","spc_severe","09","11","SPC Severe for Septempber 11","http://datasnapshots-images.nemac.com:8080/spc_severe/spc_severe_probability_09_11_620.png","","2014-01-23","620,940","620.example.com,940.example.com"
"spc_severe_probability_09_12_620","spc_severe","09","12","SPC Severe for Septempber 12","http://datasnapshots-images.nemac.com:8080/spc_severe/spc_severe_probability_09_12_620.png","","2014-01-23","620,940","620.example.com,940.example.com"
"spc_severe_probability_09_13_620","spc_severe","09","13","SPC Severe for Septempber 13","http://datasnapshots-images.nemac.com:8080/spc_severe/spc_severe_probability_09_13_620.png","","2014-01-23","620,940","620.example.com,940.example.com"
"spc_severe_probability_09_14_620","spc_severe","09","14","SPC Severe for Septempber 14","http://datasnapshots-images.nemac.com:8080/spc_severe/spc_severe_probability_09_14_620.png","","2014-01-23","620,940","620.example.com,940.example.com"
"spc_severe_probability_09_15_620","spc_severe","09","15","SPC Severe for Septempber 15","http://datasnapshots-images.nemac.com:8080/spc_severe/spc_severe_probability_09_15_620.png","","2014-01-23","620,940","620.example.com,940.example.com"
"spc_severe_probability_09_16_620","spc_severe","09","16","SPC Severe for Septempber 16","http://datasnapshots-images.nemac.com:8080/spc_severe/spc_severe_probability_09_16_620.png","","2014-01-23","620,940","620.example.com,940.example.com"
"spc_severe_probability_09_17_620","spc_severe","09","17","SPC Severe for Septempber 17","http://datasnapshots-images.nemac.com:8080/spc_severe/spc_severe_probability_09_17_620.png","","2014-01-23","620,940","620.example.com,940.example.com"
"spc_severe_probability_09_18_620","spc_severe","09","18","SPC Severe for Septempber 18","http://datasnapshots-images.nemac.com:8080/spc_severe/spc_severe_probability_09_18_620.png","","2014-01-23","620,940","620.example.com,940.example.com"
"spc_severe_probability_09_19_620","spc_severe","09","19","SPC Severe for Septempber 19","http://datasnapshots-images.nemac.com:8080/spc_severe/spc_severe_probability_09_19_620.png","","2014-01-23","620,940","620.example.com,940.example.com"
"spc_severe_probability_09_01_620","spc_severe","09","01","SPC Severe for Septempber 1","http://datasnapshots-images.nemac.com:8080/spc_severe/spc_severe_probability_09_01_620.png","","2014-01-23","620,940","620.example.com,940.example.com"
"spc_severe_probability_09_20_620","spc_severe","09","20","SPC Severe for Septempber 20","http://datasnapshots-images.nemac.com:8080/spc_severe/spc_severe_probability_09_20_620.png","","2014-01-23","620,940","620.example.com,940.example.com"
"spc_severe_probability_09_21_620","spc_severe","09","21","SPC Severe for Septempber 21","http://datasnapshots-images.nemac.com:8080/spc_severe/spc_severe_probability_09_21_620.png","","2014-01-23","620,940","620.example.com,940.example.com"
"spc_severe_probability_09_22_620","spc_severe","09","22","SPC Severe for Septempber 22","http://datasnapshots-images.nemac.com:8080/spc_severe/spc_severe_probability_09_22_620.png","","2014-01-23","620,940","620.example.com,940.example.com"
"spc_severe_probability_09_23_620","spc_severe","09","23","SPC Severe for Septempber 23","http://datasnapshots-images.nemac.com:8080/spc_severe/spc_severe_probability_09_23_620.png","","2014-01-23","620,940","620.example.com,940.example.com"
"spc_severe_probability_09_24_620","spc_severe","09","24","SPC Severe for Septempber 24","http://datasnapshots-images.nemac.com:8080/spc_severe/spc_severe_probability_09_24_620.png","","2014-01-23","620,940","620.example.com,940.example.com"
"spc_severe_probability_09_25_620","spc_severe","09","25","SPC Severe for Septempber 25","http://datasnapshots-images.nemac.com:8080/spc_severe/spc_severe_probability_09_25_620.png","","2014-01-23","620,940","620.example.com,940.example.com"
"spc_severe_probability_09_26_620","spc_severe","09","26","SPC Severe for Septempber 26","http://datasnapshots-images.nemac.com:8080/spc_severe/spc_severe_probability_09_26_620.png","","2014-01-23","620,940","620.example.com,940.example.com"
"spc_severe_probability_09_27_620","spc_severe","09","27","SPC Severe for Septempber 27","http://datasnapshots-images.nemac.com:8080/spc_severe/spc_severe_probability_09_27_620.png","","2014-01-23","620,940","620.example.com,940.example.com"
"spc_severe_probability_09_28_620","spc_severe","09","28","SPC Severe for Septempber 28","http://datasnapshots-images.nemac.com:8080/spc_severe/spc_severe_probability_09_28_620.png","","2014-01-23","620,940","620.example.com,940.example.com"
"spc_severe_probability_09_29_620","spc_severe","09","29","SPC Severe for Septempber 29","http://datasnapshots-images.nemac.com:8080/spc_severe/spc_severe_probability_09_29_620.png","","2014-01-23","620,940","620.example.com,940.example.com"
"spc_severe_probability_09_02_620","spc_severe","09","02","SPC Severe for Septempber 2","http://datasnapshots-images.nemac.com:8080/spc_severe/spc_severe_probability_09_02_620.png","","2014-01-23","620,940","620.example.com,940.example.com"
"spc_severe_probability_09_30_620","spc_severe","09","30","SPC Severe for Septempber 30","http://datasnapshots-images.nemac.com:8080/spc_severe/spc_severe_probability_09_30_620.png","","2014-01-23","620,940","620.example.com,940.example.com"
"spc_severe_probability_09_03_620","spc_severe","09","03","SPC Severe for Septempber 3","http://datasnapshots-images.nemac.com:8080/spc_severe/spc_severe_probability_09_03_620.png","","2014-01-23","620,940","620.example.com,940.example.com"
"spc_severe_probability_09_04_620","spc_severe","09","04","SPC Severe for Septempber 4","http://datasnapshots-images.nemac.com:8080/spc_severe/spc_severe_probability_09_04_620.png","","2014-01-23","620,940","620.example.com,940.example.com"
"spc_severe_probability_09_05_620","spc_severe","09","05","SPC Severe for Septempber 5","http://datasnapshots-images.nemac.com:8080/spc_severe/spc_severe_probability_09_05_620.png","","2014-01-23","620,940","620.example.com,940.example.com"
"spc_severe_probability_09_06_620","spc_severe","09","06","SPC Severe for Septempber 6","http://datasnapshots-images.nemac.com:8080/spc_severe/spc_severe_probability_09_06_620.png","","2014-01-23","620,940","620.example.com,940.example.com"
"spc_severe_probability_09_07_620","spc_severe","09","07","SPC Severe for Septempber 7","http://datasnapshots-images.nemac.com:8080/spc_severe/spc_severe_probability_09_07_620.png","","2014-01-23","620,940","620.example.com,940.example.com"
"spc_severe_probability_09_08_620","spc_severe","09","08","SPC Severe for Septempber 8","http://datasnapshots-images.nemac.com:8080/spc_severe/spc_severe_probability_09_08_620.png","","2014-01-23","620,940","620.example.com,940.example.com"
"spc_severe_probability_09_09_620","spc_severe","09","09","SPC Severe for Septempber 9","http://datasnapshots-images.nemac.com:8080/spc_severe/spc_severe_probability_09_09_620.png","","2014-01-23","620,940","620.example.com,940.example.com"
